mon,prez_gop,gov_gop,sen_gop,rep_gop,prez_dem,gov_dem,sen_dem,rep_dem
1/15/47,0,23,51,253,1,23,45,198
2/15/47,0,23,51,253,1,23,45,198
3/15/47,0,23,51,253,1,23,45,198
4/15/47,0,23,51,253,1,23,45,198
5/15/47,0,23,51,253,1,23,45,198
6/15/47,0,23,51,253,1,23,45,198
7/15/47,0,23,51,253,1,23,45,198
8/15/47,0,23,51,253,1,23,45,198
9/15/47,0,23,51,253,1,23,45,198
10/15/47,0,23,51,253,1,23,45,198
11/15/47,0,24,51,253,1,23,45,198
12/15/47,0,24,51,253,1,23,45,198
1/15/48,0,22,53,253,1,24,48,198
2/15/48,0,22,53,253,1,24,48,198
3/15/48,0,22,53,253,1,24,48,198
4/15/48,0,22,53,253,1,24,48,198
5/15/48,0,22,53,253,1,24,48,198
6/15/48,0,22,53,253,1,24,48,198
7/15/48,0,22,53,253,1,24,48,198
8/15/48,0,22,53,253,1,24,48,198
9/15/48,0,22,53,253,1,24,48,198
10/15/48,0,22,53,253,1,24,48,198
11/15/48,0,22,53,253,1,24,48,198
12/15/48,0,22,53,253,1,24,48,198
1/15/49,0,18,45,177,1,29,58,269
2/15/49,0,18,45,177,1,29,58,269
3/15/49,0,18,45,177,1,29,58,269
4/15/49,0,18,45,177,1,29,58,269
5/15/49,0,18,45,177,1,29,58,269
6/15/49,0,18,45,177,1,29,58,269
7/15/49,0,18,45,177,1,30,58,269
8/15/49,0,18,45,177,1,30,58,269
9/15/49,0,18,45,177,1,30,58,269
10/15/49,0,18,45,177,1,30,58,269
11/15/49,0,18,45,177,1,30,58,269
12/15/49,0,18,45,177,1,30,58,269
1/15/50,0,18,44,177,1,29,57,269
2/15/50,0,18,44,177,1,29,57,269
3/15/50,0,18,44,177,1,29,57,269
4/15/50,0,18,44,177,1,29,57,269
5/15/50,0,18,44,177,1,29,57,269
6/15/50,0,18,44,177,1,29,57,269
7/15/50,0,18,44,177,1,29,57,269
8/15/50,0,18,44,177,1,29,57,269
9/15/50,0,18,44,177,1,29,57,269
10/15/50,0,18,44,177,1,29,57,269
11/15/50,0,18,44,177,1,29,57,269
12/15/50,0,18,44,177,1,29,57,269
1/15/51,0,24,47,207,1,22,51,242
2/15/51,0,24,47,207,1,22,51,242
3/15/51,0,24,47,207,1,22,51,242
4/15/51,0,24,47,207,1,22,51,242
5/15/51,0,24,47,207,1,22,51,242
6/15/51,0,24,47,207,1,22,51,242
7/15/51,0,24,47,207,1,22,51,242
8/15/51,0,24,47,207,1,22,51,242
9/15/51,0,24,47,207,1,22,51,242
10/15/51,0,25,47,207,1,22,51,242
11/15/51,0,25,47,207,1,22,51,242
12/15/51,0,25,47,207,1,22,51,242
1/15/52,0,24,50,207,1,22,50,242
2/15/52,0,24,50,207,1,22,50,242
3/15/52,0,24,50,207,1,22,50,242
4/15/52,0,24,50,207,1,22,50,242
5/15/52,0,24,50,207,1,22,50,242
6/15/52,0,24,50,207,1,22,50,242
7/15/52,0,24,50,207,1,22,50,242
8/15/52,0,24,50,207,1,22,50,242
9/15/52,0,24,50,207,1,22,50,242
10/15/52,0,24,50,207,1,22,50,242
11/15/52,0,24,50,207,1,22,50,242
12/15/52,0,24,50,207,1,22,50,242
1/15/53,1,29,50,222,0,17,49,220
2/15/53,1,29,50,222,0,17,49,220
3/15/53,1,29,50,222,0,17,49,220
4/15/53,1,29,50,222,0,17,49,220
5/15/53,1,29,50,222,0,17,49,220
6/15/53,1,29,50,222,0,17,49,220
7/15/53,1,29,50,222,0,17,49,220
8/15/53,1,29,50,222,0,17,49,220
9/15/53,1,29,50,222,0,17,49,220
10/15/53,1,30,50,222,0,18,49,220
11/15/53,1,30,50,222,0,18,49,220
12/15/53,1,30,50,222,0,18,49,220
1/15/54,1,29,55,222,0,18,53,220
2/15/54,1,29,55,222,0,18,53,220
3/15/54,1,29,55,222,0,18,53,220
4/15/54,1,29,55,222,0,18,53,220
5/15/54,1,29,55,222,0,18,53,220
6/15/54,1,29,55,222,0,18,53,220
7/15/54,1,29,55,222,0,18,53,220
8/15/54,1,29,55,222,0,18,53,220
9/15/54,1,29,55,222,0,18,53,220
10/15/54,1,29,55,222,0,18,53,220
11/15/54,1,29,55,222,0,19,53,220
12/15/54,1,29,55,222,0,19,53,220
1/15/55,1,21,47,204,0,26,48,237
2/15/55,1,21,47,204,0,26,48,237
3/15/55,1,21,47,204,0,26,48,237
4/15/55,1,21,47,204,0,26,48,237
5/15/55,1,21,47,204,0,26,48,237
6/15/55,1,21,47,204,0,26,48,237
7/15/55,1,21,47,204,0,26,48,237
8/15/55,1,21,47,204,0,26,48,237
9/15/55,1,21,47,204,0,26,48,237
10/15/55,1,21,47,204,0,26,48,237
11/15/55,1,21,47,204,0,26,48,237
12/15/55,1,21,47,204,0,26,48,237
1/15/56,1,21,49,204,0,26,51,237
2/15/56,1,21,49,204,0,26,51,237
3/15/56,1,21,49,204,0,26,51,237
4/15/56,1,21,49,204,0,26,50,237
5/15/56,1,21,49,204,0,26,50,237
6/15/56,1,21,49,204,0,26,50,237
7/15/56,1,21,49,204,0,26,50,237
8/15/56,1,21,49,204,0,26,50,237
9/15/56,1,21,49,204,0,26,50,237
10/15/56,1,21,49,204,0,26,50,237
11/15/56,1,21,49,204,0,26,51,237
12/15/56,1,21,49,204,0,26,51,237
1/15/57,1,19,47,203,0,28,52,242
2/15/57,1,19,47,203,0,28,52,242
3/15/57,1,19,47,203,0,28,52,242
4/15/57,1,19,47,203,0,28,52,242
5/15/57,1,19,47,203,0,28,52,242
6/15/57,1,19,47,203,0,28,52,242
7/15/57,1,19,47,203,0,28,52,242
8/15/57,1,19,47,203,0,28,52,242
9/15/57,1,20,47,203,0,28,52,242
10/15/57,1,20,47,203,0,28,52,242
11/15/57,1,20,47,203,0,28,52,242
12/15/57,1,20,47,203,0,28,52,242
1/15/58,1,20,47,203,0,28,52,242
2/15/58,1,20,47,203,0,28,52,242
3/15/58,1,20,47,203,0,28,52,242
4/15/58,1,20,47,203,0,28,52,242
5/15/58,1,20,47,203,0,28,52,242
6/15/58,1,20,47,203,0,28,52,242
7/15/58,1,20,47,203,0,28,52,242
8/15/58,1,20,47,203,0,28,52,242
9/15/58,1,20,47,203,0,28,52,242
10/15/58,1,20,47,203,0,28,52,242
11/15/58,1,20,47,203,0,28,52,242
12/15/58,1,20,47,203,0,28,52,242
1/15/59,1,15,35,159,0,35,65,289
2/15/59,1,15,35,159,0,35,65,289
3/15/59,1,15,35,159,0,35,65,289
4/15/59,1,15,35,159,0,35,65,289
5/15/59,1,15,35,159,0,35,65,289
6/15/59,1,15,35,159,0,35,65,289
7/15/59,1,15,35,159,0,35,65,289
8/15/59,1,15,35,159,0,35,65,289
9/15/59,1,15,35,159,0,35,65,289
10/15/59,1,15,35,159,0,35,65,289
11/15/59,1,15,35,159,0,35,65,289
12/15/59,1,15,35,159,0,35,65,289
1/15/60,1,16,35,159,0,34,70,289
2/15/60,1,16,35,159,0,34,70,289
3/15/60,1,16,35,159,0,34,70,289
4/15/60,1,16,35,159,0,34,70,289
5/15/60,1,16,35,159,0,34,70,289
6/15/60,1,16,35,159,0,34,70,289
7/15/60,1,16,35,159,0,34,70,289
8/15/60,1,16,35,159,0,34,70,289
9/15/60,1,17,35,159,0,34,70,289
10/15/60,1,17,35,159,0,34,70,289
11/15/60,1,17,35,159,0,34,70,289
12/15/60,1,17,35,159,0,34,70,289
1/15/61,0,16,37,176,1,34,64,273
2/15/61,0,16,37,176,1,34,64,273
3/15/61,0,16,37,176,1,34,64,273
4/15/61,0,16,37,176,1,34,64,273
5/15/61,0,16,37,176,1,34,64,273
6/15/61,0,16,37,176,1,34,64,273
7/15/61,0,16,37,176,1,34,64,273
8/15/61,0,16,37,176,1,34,64,273
9/15/61,0,16,37,176,1,34,64,273
10/15/61,0,16,37,176,1,34,64,273
11/15/61,0,16,37,176,1,34,64,273
12/15/61,0,16,37,176,1,34,64,273
1/15/62,0,16,42,176,1,34,65,273
2/15/62,0,16,42,176,1,34,65,273
3/15/62,0,16,42,176,1,34,65,273
4/15/62,0,16,42,176,1,34,65,273
5/15/62,0,16,42,176,1,34,65,273
6/15/62,0,16,42,176,1,34,65,273
7/15/62,0,16,42,176,1,34,65,273
8/15/62,0,16,42,176,1,34,65,273
9/15/62,0,16,42,176,1,34,65,273
10/15/62,0,16,42,176,1,34,65,273
11/15/62,0,16,42,176,1,34,65,273
12/15/62,0,16,42,176,1,34,65,273
1/15/63,0,17,34,182,1,33,68,262
2/15/63,0,17,34,182,1,33,68,262
3/15/63,0,16,34,182,1,34,68,262
4/15/63,0,16,34,182,1,34,68,262
5/15/63,0,16,34,182,1,34,68,262
6/15/63,0,16,34,182,1,34,68,262
7/15/63,0,16,34,182,1,34,68,262
8/15/63,0,16,34,182,1,34,68,262
9/15/63,0,16,34,182,1,34,68,262
10/15/63,0,16,34,182,1,34,68,262
11/15/63,0,16,34,182,1,34,68,262
12/15/63,0,16,34,182,1,34,68,262
1/15/64,0,16,34,182,1,34,71,262
2/15/64,0,16,34,182,1,34,71,262
3/15/64,0,16,34,182,1,34,71,262
4/15/64,0,16,34,182,1,34,71,262
5/15/64,0,16,34,182,1,34,71,262
6/15/64,0,16,34,182,1,34,71,262
7/15/64,0,16,34,182,1,34,71,262
8/15/64,0,16,34,182,1,34,71,262
9/15/64,0,16,34,182,1,34,71,262
10/15/64,0,16,34,182,1,34,71,262
11/15/64,0,16,34,182,1,34,71,262
12/15/64,0,16,34,182,1,34,71,262
1/15/65,0,17,32,141,1,33,69,301
2/15/65,0,17,32,141,1,33,69,301
3/15/65,0,17,32,141,1,33,69,301
4/15/65,0,17,32,141,1,33,69,301
5/15/65,0,17,32,141,1,33,69,301
6/15/65,0,17,32,141,1,33,69,301
7/15/65,0,17,32,141,1,33,69,301
8/15/65,0,17,32,141,1,33,69,301
9/15/65,0,17,32,141,1,33,69,301
10/15/65,0,17,32,141,1,33,69,301
11/15/65,0,17,32,141,1,33,69,301
12/15/65,0,17,32,141,1,33,69,301
1/15/66,0,18,33,141,1,33,70,301
2/15/66,0,18,33,141,1,33,70,301
3/15/66,0,18,33,141,1,33,70,301
4/15/66,0,18,33,141,1,33,70,301
5/15/66,0,18,33,141,1,33,70,301
6/15/66,0,18,33,141,1,33,70,301
7/15/66,0,18,33,141,1,33,70,301
8/15/66,0,18,33,141,1,33,70,301
9/15/66,0,18,33,141,1,33,70,301
10/15/66,0,18,33,141,1,33,70,301
11/15/66,0,18,33,141,1,33,70,301
12/15/66,0,18,33,141,1,33,70,301
1/15/67,0,25,36,188,1,27,64,251
2/15/67,0,25,36,188,1,27,64,251
3/15/67,0,25,36,188,1,27,64,251
4/15/67,0,25,36,188,1,27,64,251
5/15/67,0,25,36,188,1,27,64,251
6/15/67,0,25,36,188,1,27,64,251
7/15/67,0,25,36,188,1,27,64,251
8/15/67,0,25,36,188,1,27,64,251
9/15/67,0,25,36,188,1,27,64,251
10/15/67,0,25,36,188,1,27,64,251
11/15/67,0,25,36,188,1,27,64,251
12/15/67,0,25,36,188,1,27,64,251
1/15/68,0,26,39,188,1,26,65,251
2/15/68,0,26,39,188,1,26,65,251
3/15/68,0,26,39,188,1,26,65,251
4/15/68,0,26,39,188,1,26,65,251
5/15/68,0,26,39,188,1,26,65,251
6/15/68,0,26,39,188,1,26,65,251
7/15/68,0,26,39,188,1,26,65,251
8/15/68,0,26,39,188,1,26,65,251
9/15/68,0,26,39,188,1,26,65,251
10/15/68,0,26,39,188,1,26,65,251
11/15/68,0,26,39,188,1,26,65,251
12/15/68,0,26,39,188,1,26,65,251
1/15/69,1,31,43,199,0,22,57,250
2/15/69,1,31,43,199,0,22,57,250
3/15/69,1,31,43,199,0,22,57,250
4/15/69,1,31,43,199,0,22,57,250
5/15/69,1,31,43,199,0,22,57,250
6/15/69,1,31,43,199,0,22,57,250
7/15/69,1,31,43,199,0,22,57,250
8/15/69,1,31,43,199,0,22,57,250
9/15/69,1,31,43,199,0,22,57,250
10/15/69,1,31,43,199,0,22,57,250
11/15/69,1,31,43,199,0,22,57,250
12/15/69,1,31,43,199,0,22,57,250
1/15/70,1,32,43,199,0,20,58,250
2/15/70,1,32,43,199,0,20,58,250
3/15/70,1,32,43,199,0,20,58,250
4/15/70,1,32,43,199,0,20,58,250
5/15/70,1,32,43,199,0,20,58,250
6/15/70,1,32,43,199,0,20,58,250
7/15/70,1,32,43,199,0,20,58,250
8/15/70,1,32,43,199,0,20,58,250
9/15/70,1,32,43,199,0,20,58,250
10/15/70,1,32,43,199,0,20,58,250
11/15/70,1,32,43,199,0,20,58,250
12/15/70,1,32,43,199,0,20,58,250
1/15/71,1,21,44,185,0,30,55,259
2/15/71,1,21,44,185,0,30,55,259
3/15/71,1,21,44,185,0,30,55,259
4/15/71,1,21,44,185,0,30,55,259
5/15/71,1,21,44,185,0,30,55,259
6/15/71,1,21,44,185,0,30,55,259
7/15/71,1,21,44,185,0,30,55,259
8/15/71,1,21,44,185,0,30,55,259
9/15/71,1,21,44,185,0,30,55,259
10/15/71,1,21,44,185,0,30,55,259
11/15/71,1,21,44,185,0,30,55,259
12/15/71,1,21,44,185,0,30,55,259
1/15/72,1,20,44,185,0,31,57,259
2/15/72,1,20,44,185,0,31,57,259
3/15/72,1,20,44,185,0,31,57,259
4/15/72,1,20,44,185,0,31,57,259
5/15/72,1,20,44,185,0,31,57,259
6/15/72,1,20,44,185,0,31,57,259
7/15/72,1,20,44,185,0,31,57,259
8/15/72,1,20,44,185,0,31,57,259
9/15/72,1,20,44,185,0,31,57,259
10/15/72,1,20,44,185,0,31,57,259
11/15/72,1,20,44,185,0,31,57,259
12/15/72,1,20,44,185,0,31,57,259
1/15/73,1,19,42,195,0,32,56,249
2/15/73,1,19,42,195,0,32,56,249
3/15/73,1,19,42,195,0,32,56,249
4/15/73,1,19,42,195,0,32,56,249
5/15/73,1,19,42,195,0,32,56,249
6/15/73,1,19,42,195,0,32,56,249
7/15/73,1,19,42,195,0,32,56,249
8/15/73,1,20,42,195,0,32,56,249
9/15/73,1,20,42,195,0,32,56,249
10/15/73,1,20,42,195,0,32,56,249
11/15/73,1,20,42,195,0,32,56,249
12/15/73,1,20,42,195,0,32,56,249
1/15/74,1,18,45,195,0,34,59,249
2/15/74,1,18,45,195,0,34,59,249
3/15/74,1,18,45,195,0,34,59,249
4/15/74,1,18,45,195,0,34,59,249
5/15/74,1,18,45,195,0,34,59,249
6/15/74,1,18,45,195,0,34,59,249
7/15/74,1,18,45,195,0,34,59,249
8/15/74,2,18,45,195,0,34,59,249
9/15/74,2,18,45,195,0,34,59,249
10/15/74,2,18,45,195,0,34,59,249
11/15/74,2,18,45,195,0,34,59,249
12/15/74,2,18,45,195,0,34,59,249
1/15/75,1,13,38,148,0,37,61,295
2/15/75,1,13,38,148,0,37,61,295
3/15/75,1,13,38,148,0,37,61,295
4/15/75,1,13,38,148,0,37,61,295
5/15/75,1,13,38,148,0,37,61,295
6/15/75,1,13,38,148,0,37,61,295
7/15/75,1,13,38,148,0,37,61,295
8/15/75,1,13,38,148,0,37,61,295
9/15/75,1,13,38,148,0,37,61,295
10/15/75,1,13,38,148,0,37,61,295
11/15/75,1,13,38,148,0,37,61,295
12/15/75,1,13,38,148,0,37,61,295
1/15/76,1,13,39,148,0,37,65,295
2/15/76,1,13,39,148,0,37,65,295
3/15/76,1,13,39,148,0,37,65,295
4/15/76,1,13,39,148,0,37,65,295
5/15/76,1,13,39,148,0,37,65,295
6/15/76,1,13,39,148,0,37,65,295
7/15/76,1,13,39,148,0,37,65,295
8/15/76,1,13,39,148,0,37,65,295
9/15/76,1,13,39,148,0,37,65,295
10/15/76,1,13,39,148,0,37,65,295
11/15/76,1,13,39,148,0,37,65,295
12/15/76,1,13,39,148,0,37,65,295
1/15/77,0,12,38,147,1,38,62,294
2/15/77,0,12,38,147,1,38,62,294
3/15/77,0,12,38,147,1,38,62,294
4/15/77,0,12,38,147,1,38,62,294
5/15/77,0,12,38,147,1,38,62,294
6/15/77,0,12,38,147,1,39,62,294
7/15/77,0,12,38,147,1,40,62,294
8/15/77,0,12,38,147,1,40,62,294
9/15/77,0,12,38,147,1,40,62,294
10/15/77,0,12,38,147,1,40,62,294
11/15/77,0,12,38,147,1,41,62,294
12/15/77,0,12,38,147,1,41,62,294
1/15/78,0,12,41,147,1,38,66,294
2/15/78,0,12,41,147,1,38,66,294
3/15/78,0,12,41,147,1,38,66,294
4/15/78,0,12,41,147,1,38,66,294
5/15/78,0,12,41,147,1,38,66,294
6/15/78,0,12,41,147,1,38,66,294
7/15/78,0,12,41,147,1,38,66,294
8/15/78,0,12,41,147,1,39,66,294
9/15/78,0,12,41,147,1,39,66,294
10/15/78,0,12,41,147,1,39,66,294
11/15/78,0,12,41,147,1,39,66,294
12/15/78,0,12,41,147,1,39,66,294
1/15/79,0,19,41,160,1,32,58,280
2/15/79,0,19,41,160,1,32,58,280
3/15/79,0,19,41,160,1,32,58,280
4/15/79,0,19,41,160,1,32,58,280
5/15/79,0,19,41,160,1,32,58,280
6/15/79,0,19,41,160,1,32,58,280
7/15/79,0,19,41,160,1,32,58,280
8/15/79,0,19,41,160,1,32,58,280
9/15/79,0,19,41,160,1,32,58,280
10/15/79,0,19,41,160,1,32,58,280
11/15/79,0,19,41,160,1,32,58,280
12/15/79,0,19,41,160,1,32,58,280
1/15/80,0,19,42,160,1,32,59,280
2/15/80,0,19,42,160,1,32,59,280
3/15/80,0,20,42,160,1,31,59,280
4/15/80,0,20,42,160,1,31,59,280
5/15/80,0,20,42,160,1,31,59,280
6/15/80,0,20,42,160,1,31,59,280
7/15/80,0,20,42,160,1,31,59,280
8/15/80,0,20,42,160,1,31,59,280
9/15/80,0,20,42,160,1,31,59,280
10/15/80,0,20,42,160,1,31,59,280
11/15/80,0,20,42,160,1,31,59,280
12/15/80,0,20,42,160,1,31,59,280
1/15/81,1,24,53,196,0,27,46,246
2/15/81,1,24,53,196,0,27,46,246
3/15/81,1,24,53,196,0,27,46,246
4/15/81,1,24,53,196,0,27,46,246
5/15/81,1,24,53,196,0,27,46,246
6/15/81,1,24,53,196,0,27,46,246
7/15/81,1,24,53,196,0,27,46,246
8/15/81,1,24,53,196,0,27,46,246
9/15/81,1,24,53,196,0,27,46,246
10/15/81,1,24,53,196,0,27,46,246
11/15/81,1,24,53,196,0,27,46,246
12/15/81,1,24,53,196,0,27,46,246
1/15/82,1,24,54,196,0,27,47,246
2/15/82,1,24,54,196,0,27,47,246
3/15/82,1,24,54,196,0,27,47,246
4/15/82,1,24,54,196,0,27,47,246
5/15/82,1,24,54,196,0,27,47,246
6/15/82,1,24,54,196,0,27,47,246
7/15/82,1,24,54,196,0,27,47,246
8/15/82,1,24,54,196,0,27,47,246
9/15/82,1,24,54,196,0,27,47,246
10/15/82,1,24,54,196,0,27,47,246
11/15/82,1,24,54,196,0,27,47,246
12/15/82,1,24,54,196,0,27,47,246
1/15/83,1,16,55,168,0,34,46,272
2/15/83,1,16,55,168,0,34,46,272
3/15/83,1,16,55,168,0,34,46,272
4/15/83,1,16,55,168,0,34,46,271
5/15/83,1,16,55,168,0,34,46,271
6/15/83,1,16,55,168,0,34,46,271
7/15/83,1,16,55,168,0,34,46,272
8/15/83,1,16,55,168,0,34,46,272
9/15/83,1,16,55,168,0,34,46,272
10/15/83,1,16,55,168,0,34,46,272
11/15/83,1,16,55,168,0,34,46,272
12/15/83,1,16,55,168,0,34,46,272
1/15/84,1,16,55,168,0,34,45,271
2/15/84,1,16,55,168,0,34,45,271
3/15/84,1,15,55,168,0,34,45,271
4/15/84,1,15,55,168,0,34,45,271
5/15/84,1,15,55,168,0,35,45,271
6/15/84,1,15,55,168,0,35,45,271
7/15/84,1,15,55,168,0,35,45,271
8/15/84,1,15,55,168,0,35,45,271
9/15/84,1,15,55,168,0,35,45,271
10/15/84,1,15,55,168,0,35,45,271
11/15/84,1,15,55,168,0,35,45,271
12/15/84,1,15,55,168,0,35,45,271
1/15/85,1,16,53,183,0,34,47,257
2/15/85,1,16,53,183,0,34,47,257
3/15/85,1,16,53,183,0,34,47,257
4/15/85,1,16,53,183,0,34,47,257
5/15/85,1,16,53,183,0,34,47,257
6/15/85,1,16,53,183,0,34,47,257
7/15/85,1,16,53,183,0,34,47,257
8/15/85,1,16,53,183,0,34,47,257
9/15/85,1,16,53,183,0,34,47,257
10/15/85,1,16,53,183,0,34,47,257
11/15/85,1,16,53,183,0,34,47,257
12/15/85,1,16,53,183,0,34,47,257
1/15/86,1,16,53,183,0,34,48,257
2/15/86,1,16,53,183,0,34,48,257
3/15/86,1,16,53,183,0,34,48,257
4/15/86,1,16,53,183,0,34,48,257
5/15/86,1,16,53,183,0,34,48,257
6/15/86,1,16,53,183,0,34,48,257
7/15/86,1,16,54,183,0,34,48,257
8/15/86,1,16,54,183,0,34,48,257
9/15/86,1,16,54,183,0,34,48,257
10/15/86,1,16,54,183,0,34,48,257
11/15/86,1,16,54,183,0,34,48,257
12/15/86,1,16,54,183,0,34,48,257
1/15/87,1,24,46,179,0,27,55,262
2/15/87,1,24,46,179,0,27,55,262
3/15/87,1,24,46,179,0,27,55,262
4/15/87,1,24,46,179,0,27,55,262
5/15/87,1,24,46,179,0,27,55,262
6/15/87,1,24,46,179,0,27,55,262
7/15/87,1,24,46,179,0,27,55,262
8/15/87,1,24,46,179,0,27,55,262
9/15/87,1,24,46,179,0,27,55,262
10/15/87,1,24,46,179,0,27,55,262
11/15/87,1,24,46,179,0,27,55,262
12/15/87,1,24,46,179,0,27,55,262
1/15/88,1,24,46,179,0,28,54,262
2/15/88,1,24,46,179,0,28,54,262
3/15/88,1,25,46,179,0,28,54,262
4/15/88,1,24,46,179,0,28,54,262
5/15/88,1,24,46,179,0,28,54,262
6/15/88,1,24,46,179,0,28,54,262
7/15/88,1,24,46,178,0,28,54,262
8/15/88,1,24,46,178,0,28,54,262
9/15/88,1,24,46,178,0,28,54,262
10/15/88,1,24,46,178,0,28,54,262
11/15/88,1,24,46,179,0,28,54,262
12/15/88,1,24,46,179,0,28,54,262
1/15/89,1,23,46,178,0,29,55,264
2/15/89,1,23,46,178,0,29,55,264
3/15/89,1,23,46,178,0,29,55,264
4/15/89,1,23,46,178,0,29,55,264
5/15/89,1,23,46,178,0,29,55,264
6/15/89,1,23,46,178,0,29,55,262
7/15/89,1,23,46,178,0,29,55,261
8/15/89,1,23,46,178,0,29,55,261
9/15/89,1,23,46,178,0,29,55,261
10/15/89,1,23,46,178,0,29,55,261
11/15/89,1,23,46,178,0,29,55,261
12/15/89,1,23,46,178,0,29,55,261
1/15/90,1,22,46,176,0,30,55,258
2/15/90,1,22,46,176,0,30,55,258
3/15/90,1,22,46,176,0,30,55,258
4/15/90,1,22,46,176,0,30,55,258
5/15/90,1,22,46,176,0,30,55,257
6/15/90,1,22,46,176,0,30,56,257
7/15/90,1,22,46,176,0,30,56,257
8/15/90,1,22,46,176,0,30,56,257
9/15/90,1,22,46,176,0,30,56,257
10/15/90,1,22,46,176,0,30,56,258
11/15/90,1,22,46,176,0,30,56,259
12/15/90,1,22,46,176,0,30,56,259
1/15/91,1,20,45,168,0,29,57,269
2/15/91,1,20,45,168,0,29,57,269
3/15/91,1,21,45,166,0,28,57,269
4/15/91,1,21,45,166,0,28,57,269
5/15/91,1,21,45,166,0,28,57,268
6/15/91,1,21,45,166,0,28,57,268
7/15/91,1,21,45,166,0,28,57,268
8/15/91,1,21,45,166,0,29,57,268
9/15/91,1,21,45,166,0,29,57,268
10/15/91,1,21,45,166,0,29,57,268
11/15/91,1,21,45,167,0,29,57,269
12/15/91,1,21,45,167,0,29,57,269
1/15/92,1,20,43,166,0,27,58,268
2/15/92,1,20,43,166,0,27,58,268
3/15/92,1,20,43,166,0,28,58,268
4/15/92,1,20,43,166,0,28,58,268
5/15/92,1,20,43,166,0,28,58,268
6/15/92,1,20,43,166,0,28,58,268
7/15/92,1,20,43,166,0,28,58,268
8/15/92,1,20,43,166,0,28,58,268
9/15/92,1,20,43,166,0,28,58,268
10/15/92,1,20,43,166,0,28,59,268
11/15/92,1,20,43,166,0,28,60,270
12/15/92,1,20,43,166,0,28,60,270
1/15/93,0,18,46,175,1,30,57,255
2/15/93,0,18,46,175,1,30,57,255
3/15/93,0,18,46,175,1,30,57,255
4/15/93,0,18,46,175,1,30,57,256
5/15/93,0,17,46,177,1,31,57,257
6/15/93,0,17,46,178,1,31,57,258
7/15/93,0,17,46,178,1,31,57,258
8/15/93,0,17,46,178,1,31,57,258
9/15/93,0,17,46,178,1,31,57,258
10/15/93,0,17,46,178,1,31,57,258
11/15/93,0,17,46,178,1,31,57,258
12/15/93,0,17,46,178,1,31,57,258
1/15/94,0,19,48,178,1,28,54,257
2/15/94,0,19,48,178,1,28,54,257
3/15/94,0,19,48,178,1,28,54,257
4/15/94,0,19,48,178,1,28,54,256
5/15/94,0,19,48,178,1,28,54,256
6/15/94,0,19,48,178,1,28,54,256
7/15/94,0,19,48,178,1,28,54,256
8/15/94,0,19,48,178,1,28,54,256
9/15/94,0,19,48,178,1,28,54,256
10/15/94,0,19,48,178,1,28,54,256
11/15/94,0,19,48,178,1,28,54,256
12/15/94,0,19,48,178,1,28,54,256
1/15/95,0,30,54,235,1,20,46,199
2/15/95,0,30,54,235,1,20,46,199
3/15/95,0,30,54,235,1,20,46,199
4/15/95,0,30,54,235,1,20,46,199
5/15/95,0,30,54,235,1,20,46,199
6/15/95,0,30,54,235,1,20,46,199
7/15/95,0,30,54,235,1,20,46,199
8/15/95,0,30,54,235,1,20,46,199
9/15/95,0,30,54,235,1,20,46,199
10/15/95,0,30,54,235,1,20,46,199
11/15/95,0,30,54,235,1,20,46,199
12/15/95,0,30,54,235,1,20,46,199
1/15/96,0,31,54,236,1,19,47,196
2/15/96,0,31,54,236,1,19,47,196
3/15/96,0,31,54,236,1,19,47,195
4/15/96,0,31,54,236,1,19,47,196
5/15/96,0,31,54,236,1,19,47,197
6/15/96,0,31,54,236,1,19,47,198
7/15/96,0,32,54,235,1,19,47,198
8/15/96,0,32,54,235,1,19,47,198
9/15/96,0,32,54,235,1,19,47,198
10/15/96,0,32,54,235,1,19,47,198
11/15/96,0,32,55,235,1,19,47,198
12/15/96,0,32,55,235,1,19,47,198
1/15/97,0,32,55,227,1,18,45,207
2/15/97,0,32,55,227,1,18,45,207
3/15/97,0,32,55,227,1,18,45,207
4/15/97,0,32,55,227,1,18,45,207
5/15/97,0,32,55,228,1,18,45,207
6/15/97,0,32,55,228,1,18,45,207
7/15/97,0,32,55,228,1,18,45,207
8/15/97,0,33,55,228,1,18,45,207
9/15/97,0,34,55,228,1,18,45,207
10/15/97,0,34,55,228,1,18,45,207
11/15/97,0,34,55,229,1,18,45,207
12/15/97,0,34,55,229,1,18,45,207
1/15/98,0,32,55,227,1,18,45,203
2/15/98,0,32,55,227,1,18,45,203
3/15/98,0,32,55,227,1,18,45,204
4/15/98,0,32,55,227,1,18,45,205
5/15/98,0,32,55,227,1,18,45,205
6/15/98,0,32,55,227,1,18,45,206
7/15/98,0,32,55,228,1,18,45,206
8/15/98,0,32,55,228,1,18,45,206
9/15/98,0,32,55,228,1,18,45,206
10/15/98,0,32,55,228,1,18,45,206
11/15/98,0,32,55,228,1,18,45,206
12/15/98,0,32,55,228,1,18,45,206
1/15/99,0,31,55,223,1,17,45,210
2/15/99,0,31,55,223,1,17,45,210
3/15/99,0,31,55,222,1,17,45,210
4/15/99,0,31,55,222,1,17,45,210
5/15/99,0,31,55,222,1,17,45,210
6/15/99,0,31,55,223,1,17,45,210
7/15/99,0,31,55,223,1,17,45,210
8/15/99,0,31,55,223,1,17,45,210
9/15/99,0,31,55,223,1,17,45,210
10/15/99,0,31,55,223,1,17,45,210
11/15/99,0,31,56,223,1,17,45,211
12/15/99,0,31,56,223,1,17,45,211
1/15/00,0,30,55,223,1,18,45,210
2/15/00,0,30,55,223,1,18,45,210
3/15/00,0,30,55,223,1,18,45,210
4/15/00,0,30,55,223,1,18,45,210
5/15/00,0,30,55,223,1,18,45,210
6/15/00,0,30,55,223,1,18,45,210
7/15/00,0,30,55,223,1,18,45,210
8/15/00,0,30,55,223,1,18,46,210
9/15/00,0,30,55,223,1,18,46,210
10/15/00,0,30,55,223,1,18,46,210
11/15/00,0,30,55,223,1,19,46,210
12/15/00,0,30,55,223,1,19,46,210
1/15/01,1,29,49,220,0,19,50,211
2/15/01,1,29,49,220,0,19,50,211
3/15/01,1,29,49,220,0,19,50,211
4/15/01,1,29,49,220,0,19,50,210
5/15/01,1,29,49,220,0,19,50,210
6/15/01,1,29,49,221,0,19,50,210
7/15/01,1,29,49,222,0,19,50,210
8/15/01,1,29,49,222,0,19,50,210
9/15/01,1,29,49,222,0,19,50,210
10/15/01,1,30,49,222,0,19,50,210
11/15/01,1,30,49,223,0,19,50,211
12/15/01,1,30,49,223,0,19,50,211
1/15/02,1,27,50,221,0,21,50,211
2/15/02,1,27,50,221,0,21,50,211
3/15/02,1,27,50,222,0,21,50,211
4/15/02,1,27,50,222,0,21,50,211
5/15/02,1,27,50,222,0,21,50,211
6/15/02,1,27,50,222,0,21,50,211
7/15/02,1,27,50,222,0,21,50,211
8/15/02,1,27,50,222,0,21,50,211
9/15/02,1,27,50,222,0,21,50,211
10/15/02,1,27,50,222,0,21,50,211
11/15/02,1,27,50,222,0,21,50,211
12/15/02,1,27,50,222,0,21,50,211
1/15/03,1,26,51,231,0,24,48,203
2/15/03,1,26,51,231,0,24,48,203
3/15/03,1,26,51,231,0,24,48,203
4/15/03,1,26,51,231,0,24,48,203
5/15/03,1,26,51,231,0,24,48,203
6/15/03,1,26,51,231,0,24,48,203
7/15/03,1,26,51,231,0,24,48,203
8/15/03,1,26,51,231,0,24,48,203
9/15/03,1,26,51,231,0,25,48,203
10/15/03,1,26,51,231,0,25,48,203
11/15/03,1,27,51,231,0,25,48,203
12/15/03,1,27,51,231,0,25,48,203
1/15/04,1,28,51,229,0,22,48,203
2/15/04,1,28,51,229,0,22,48,203
3/15/04,1,28,51,229,0,22,48,204
4/15/04,1,28,51,229,0,22,48,204
5/15/04,1,28,51,229,0,22,48,204
6/15/04,1,28,51,229,0,22,48,204
7/15/04,1,29,51,229,0,22,48,204
8/15/04,1,29,51,229,0,22,48,205
9/15/04,1,29,51,229,0,22,48,205
10/15/04,1,29,51,229,0,22,48,205
11/15/04,1,29,51,229,0,23,48,205
12/15/04,1,29,51,229,0,23,48,205
1/15/05,1,28,54,232,0,22,45,201
2/15/05,1,28,54,232,0,22,45,201
3/15/05,1,28,54,232,0,22,45,202
4/15/05,1,28,54,232,0,22,45,202
5/15/05,1,28,54,231,0,22,45,202
6/15/05,1,28,54,231,0,22,45,202
7/15/05,1,28,54,231,0,22,45,202
8/15/05,1,28,54,231,0,22,45,202
9/15/05,1,28,54,232,0,22,45,202
10/15/05,1,28,54,232,0,22,45,202
11/15/05,1,28,54,232,0,22,45,202
12/15/05,1,28,54,232,0,22,45,202
1/15/06,1,28,54,231,0,22,45,201
2/15/06,1,28,54,231,0,22,45,201
3/15/06,1,28,54,231,0,22,45,201
4/15/06,1,28,54,231,0,22,45,201
5/15/06,1,28,54,231,0,22,45,201
6/15/06,1,28,54,231,0,22,45,201
7/15/06,1,28,54,231,0,22,45,201
8/15/06,1,28,54,231,0,22,45,201
9/15/06,1,28,54,231,0,22,45,201
10/15/06,1,28,54,231,0,22,45,201
11/15/06,1,28,54,232,0,22,45,202
12/15/06,1,28,54,232,0,22,45,202
1/15/07,1,22,48,201,0,28,50,233
2/15/07,1,22,48,201,0,28,50,233
3/15/07,1,22,48,201,0,28,50,233
4/15/07,1,22,48,201,0,28,50,233
5/15/07,1,22,48,201,0,28,50,232
6/15/07,1,22,47,201,0,28,50,232
7/15/07,1,22,48,201,0,28,50,232
8/15/07,1,22,48,202,0,28,50,232
9/15/07,1,22,48,202,0,28,50,233
10/15/07,1,22,48,202,0,28,50,233
11/15/07,1,22,48,202,0,28,50,234
12/15/07,1,22,48,202,0,28,50,234
1/15/08,1,22,48,198,0,28,50,231
2/15/08,1,22,48,198,0,28,50,231
3/15/08,1,22,48,198,0,28,50,233
4/15/08,1,22,48,198,0,28,50,234
5/15/08,1,22,48,199,0,28,50,235
6/15/08,1,22,48,199,0,28,50,235
7/15/08,1,22,48,199,0,28,50,236
8/15/08,1,22,48,199,0,28,50,236
9/15/08,1,22,48,199,0,28,50,236
10/15/08,1,22,48,199,0,28,50,236
11/15/08,1,22,48,199,0,28,50,236
12/15/08,1,22,48,199,0,28,50,236
1/15/09,0,22,40,179,1,28,57,254
2/15/09,0,22,40,179,1,28,57,254
3/15/09,0,22,40,179,1,28,57,253
4/15/09,0,22,40,179,1,28,57,254
5/15/09,0,22,40,179,1,28,57,255
6/15/09,0,22,40,179,1,28,57,255
7/15/09,0,22,40,179,1,28,58,254
8/15/09,0,24,40,179,1,28,58,255
9/15/09,0,24,41,179,1,28,58,255
10/15/09,0,24,41,179,1,28,59,255
11/15/09,0,24,41,179,1,28,59,257
12/15/09,0,24,41,179,1,28,59,257
1/15/10,0,24,41,178,1,26,57,255
2/15/10,0,24,41,178,1,26,57,255
3/15/10,0,24,41,178,1,26,57,253
4/15/10,0,24,41,177,1,26,57,254
5/15/10,0,24,41,177,1,26,57,254
6/15/10,0,24,41,178,1,26,57,255
7/15/10,0,24,41,178,1,26,56,255
8/15/10,0,24,41,178,1,26,57,255
9/15/10,0,24,41,178,1,26,57,255
10/15/10,0,24,41,178,1,26,57,255
11/15/10,0,24,41,178,1,27,59,255
12/15/10,0,24,41,178,1,27,59,255
1/15/11,0,29,47,241,1,21,51,193
2/15/11,0,29,47,241,1,21,51,193
3/15/11,0,29,47,241,1,21,51,192
4/15/11,0,29,47,241,1,21,51,192
5/15/11,0,29,47,240,1,21,51,192
6/15/11,0,29,47,240,1,21,51,193
7/15/11,0,29,47,240,1,21,51,192
8/15/11,0,29,47,240,1,21,51,193
9/15/11,0,29,47,242,1,21,51,193
10/15/11,0,29,47,242,1,21,51,193
11/15/11,0,29,47,242,1,21,51,193
12/15/11,0,29,47,242,1,21,51,193
1/15/12,0,29,47,242,1,21,51,192
2/15/12,0,29,47,242,1,21,51,192
3/15/12,0,29,47,242,1,21,51,191
4/15/12,0,29,47,242,1,21,51,190
5/15/12,0,29,47,242,1,21,51,190
6/15/12,0,29,47,242,1,21,51,191
7/15/12,0,29,47,242,1,21,51,191
8/15/12,0,29,47,242,1,21,51,191
9/15/12,0,29,47,242,1,21,51,191
10/15/12,0,29,47,242,1,21,51,191
11/15/12,0,29,47,243,1,21,51,194
12/15/12,0,29,47,243,1,21,51,194
1/15/13,0,30,45,232,1,20,53,200
2/15/13,0,30,45,232,1,20,53,200
3/15/13,0,30,45,232,1,20,53,200
4/15/13,0,30,45,232,1,20,53,201
5/15/13,0,30,45,233,1,20,53,201
6/15/13,0,30,46,234,1,20,52,201
7/15/13,0,30,46,234,1,20,52,201
8/15/13,0,30,46,234,1,20,53,201
9/15/13,0,30,46,234,1,20,53,201
10/15/13,0,30,46,234,1,20,53,201
11/15/13,0,30,46,234,1,20,54,201
12/15/13,0,30,46,234,1,20,54,201
1/15/14,0,29,45,232,1,21,53,200
2/15/14,0,29,45,232,1,21,53,200
3/15/14,0,29,45,233,1,21,53,199
4/15/14,0,29,45,233,1,21,53,199
5/15/14,0,29,45,233,1,21,53,199
6/15/14,0,29,45,233,1,21,53,199
7/15/14,0,29,45,234,1,21,53,199
8/15/14,0,29,45,234,1,21,53,199
9/15/14,0,29,45,234,1,21,53,199
10/15/14,0,29,45,234,1,21,53,199
11/15/14,0,29,45,235,1,21,53,201
12/15/14,0,29,45,235,1,21,53,201
1/15/15,0,31,54,245,1,18,44,188
2/15/15,0,31,54,245,1,18,44,188
3/15/15,0,31,54,245,1,18,44,188
4/15/15,0,31,54,244,1,18,44,188
5/15/15,0,31,54,245,1,18,44,188
6/15/15,0,31,54,246,1,18,44,188